params,test_accuracy
52,0.311111
52,0.244444
76,0.266667
65,0.311111
