params,test_accuracy
52,0.311111
52,0.288889
76,0.355556
64,0.311111
57,0.333333
71,0.222222
69,0.244444
73,0.244444
54,0.244444
53,0.222222
