params,test_accuracy
52,0.333333
52,0.311111
52,0.244444
52,0.244444
